{
	"GIVE": 
		{"RARM": [1.8, -1.3, 0.0, 0.7, 0.0, 0.0, 0.0]
		},
     "EXTRACTION": {
       "RARM" : [2.574635885, 0.481417187, 0.593411946, 1.891910642, -0.855815217, -1.687600358, 1.549605464]
                },
     "MANIP": {
       "RARM" : [2.574635885, 0.481417187, 0.593411946, 1.891910642, -0.855815217, -1.687600358, 1.549605464]
                }
}

