{
	"ARMS_UP": 
		{"RARM": [-0.5, -0.3, 0.05, -1.12, -2.5, -0.42, 2.33],
		"LARM": [0.5, -0.35, 0.02, -1.14, -3.01, -1.09, 1.6],
		"TORSO" : [0.3],
		"HEAD" : [0.0, 0.6]
		},
        "DECEPTION": 
                {"RARM": [-1.59, 1.19, -2.83, -0.28, -0.70, -0.52, 2.96], 
                 "LARM": [1.69, 1.30, 1.74, -0.45, -0.05, -0.09, 0.02]
                },
	"REST1": {
		"RARM": [-0.349, 0.959, -1.570, -0.698, -0.034, 0.0, 0.0],
		"LARM": [0.349, 0.959, 1.570, -0.698, -0.034, 0.0, 0.0]
		},

	"REST2": {
		"RARM": [0.785, 0.959, -2.792, -0.436, 0.0, 0.0, 0.0],
		"LARM": [0.785, 0.959, 2.792, -0.436, 0.0, 0.0]
		},

	"REST3": {
		"RARM": [0.610, 0.872, -2.356, -0.349, 0.0, 0.0, 0.0],
		"LARM": [0.610, 0.872, 2.356, -0.349, 0.0, 0.0]
		},
	"GIVE": 
		{"RARM": [0.06, 0.61, 0.07, -1.53, -2.96, -0.77, 3]
		},
	"SHOW": 
		{"RARM": [-0.615, -0.128, -0.469, -1.158, -0.798, -1.419, 0.2]
		},

	"MANIP": {
		"RARM" : [-0.48157, 0.91579, 0.05525, -2.27493, -2.60623, -1.38896, 3.00473],
		"LARM" : [0.55276, 1.27965, 2.02007, -1.4, 0.0, 0.0, 0.0],
		"TORSO" : [0.1]
		},

	"TUCKED": {
		"RARM" : [0.080251, 1.078348, -1.091877, -1.60527, -1.732371, -0.658577, 3.073688],
		"LARM" : [0.042345, 1.279520, 1.816744, -1.330880, -0.198593, -0.079088, -0.003110],
		"TORSO" : [0.1]
		},

        "TRASHGAME_BACK": {
		"RARM" : [-1.640725, 0.564011, 0.532678, -2.120944, 1.498860, -1.940306, -1.313995],
		"LARM" : [1.230894, 0.925321, 1.831497, -1.824837, 2.684101, -1.158992, 0.437393]
	},

        "TRASHGAME_RIGHT": {
		"RARM" : [-0.844407, 0.200084, -0.682812, -0.611420, -2.472930, -1.627651, -1.339665],
		"LARM" : [1.230894, 0.925913, 1.831497, -1.824837, 2.684101, -1.158992, 0.437393]
	},

        "TRASHGAME_LEFT": {
		"RARM" : [0.454491, 0.233499, -0.654108, -0.758362, -2.433362, -1.773624, -1.401230],
		"LARM" : [1.230894, 0.925405, 1.831497, -1.824837, 2.684101, -1.158992, 0.437393]
	},

        "TRANSITION": {
                "RARM" : [-2.135512, 0.560712, -2.038131, -1.635962, -0.963468, -0.152525, 2.703992],
                "LARM" : [2.131592, 0.534831, 2.400275, -1.598561, 0.266787, -0.090183, 0.167662],
                "TORSO" : [0.1]
        }

}
