{
	"PR2_RARM_REST": [-0.48, 0.92, 0.06, -2.27, -2.61, -1.39, 0.2],
	"PR2_RARM_GIVE": [0.33678361019938763, 0.054810121888640595, 0.21834896303895501, -0.75562858223417884, 2.63882253, -0.73720711670729699, 0.2],
	"PR2_RARM_SHOW": [-0.61556470338030789, -0.12842248155560812, -0.46909217760874733, -1.158091159880386, -0.7985174856023467, -1.4189918946679412, 0.2]

}
