{
	"ARMS_UP": 
		{"RARM": [-0.5, -0.3, 0.05, -1.12, -2.5, -0.42, 2.33],
		"LARM": [0.5, -0.35, 0.02, -1.14, -3.01, -1.09, 1.6],
		"TORSO" : [0.3],
		"HEAD" : [0.0, 0.6]
		},
	"REST1": {
		"RARM": [-0.349, 0.959, -1.570, -0.698, -0.034, 0.0, 0.0],
		"LARM": [0.349, 0.959, 1.570, -0.698, -0.034, 0.0, 0.0],
		},

	"REST2": {
		"RARM": [0.785, 0.959, -2.792, -0.436, 0.0, 0.0, 0.0],
		"LARM": [0.785, 0.959, 2.792, -0.436, 0.0, 0.0],
		},

	"REST3": {
		"RARM": [0.610, 0.872, -2.356, -0.349, 0.0, 0.0, 0.0],
		"LARM": [0.610, 0.872, 2.356, -0.349, 0.0, 0.0],
		},
	"GIVE": 
		{"RARM": [0.06, 0.61, 0.07, -1.53, -2.96, -0.77, 3]
		},
	"SHOW": 
		{"RARM": [-0.615, -0.128, -0.469, -1.158, -0.798, -1.419, 0.2]
		},

	"MANIP": {
		"RARM" : [-0.48157, 0.91579, 0.05525, -2.27493, -2.60623, -1.38896, 3.00473],
		"LARM" : [0.55276, 1.27965, 2.02007, -1.4, 0.0, 0.0, 0.0],
		"TORSO" : [0.1],
		},

	"TUCKED": {
		"RARM" : [0.05842, 1.28695, -0.80267, -2.17115, 3.14000, -1.11226, 3.0],
		"LARM" : [0.05276, 1.27965, 2.02007, -1.4, 0.0, 0.0, 0.0],
		"TORSO" : [0.1],
		}
}
