{
	"ARMS_UP": 
		{"RARM": [-0.5, -0.3, 0.05, -1.12, -2.5, -0.42, 2.33],
		"LARM": [0.5, -0.35, 0.02, -1.14, -3.01, -1.09, 1.6],
		"TORSO" : [0.3],
		"HEAD" : [0.0, 0.6]
		},
        "DECEPTION": 
                {"RARM": [-1.59, 1.19, -2.83, -0.28, -0.70, -0.52, 2.96], 
                 "LARM": [1.69, 1.30, 1.74, -0.45, -0.05, -0.09, 0.02],
		 "TORSO" : [0.1],
		 "HEAD" : [0.0, 0.6]
                },
	"REST1": {
		"RARM": [-0.349, 0.959, -1.570, -0.698, -0.034, 0.0, 0.0],
		"LARM": [0.349, 0.959, 1.570, -0.698, -0.034, 0.0, 0.0]
		},

	"REST2": {
		"RARM": [0.785, 0.959, -2.792, -0.436, 0.0, 0.0, 0.0],
		"LARM": [0.785, 0.959, 2.792, -0.436, 0.0, 0.0, 0.0]
		},

	"REST3": {
		"RARM": [0.610, 0.872, -2.356, -0.349, 0.0, 0.0, 0.0],
		"LARM": [0.610, 0.872, 2.356, -0.349, 0.0, 0.0, 0.0]
		},
	"GIVE": 
		{"RARM": [0.06, 0.61, 0.07, -1.53, -2.96, -0.77, 3]
		},
        "TOP_PICK": {
                "_comment": "static posture to pick an objet from top",
		"RARM" : [-0.05, 0.28, -0.74, -1.5, -2.15, -2.16, -0.53]
                },
	"SHOW": 
		{"RARM": [-0.615, -0.128, -0.469, -1.158, -0.798, -1.419, 0.2]
		},

	"TUCKED": {
		"RARM" : [0.080251, 1.078348, -1.091877, -1.60527, -1.732371, -0.658577, 3.073688],
		"LARM" : [0.042345, 1.279520, 1.816744, -1.330880, -0.198593, -0.079088, -0.003110],
		"TORSO" : [0.15]
		},


        "TRASHGAME_BACK": {
		"RARM" : [-1.640725, 0.564011, 0.532678, -2.120944, 1.498860, -1.940306, -1.313995],
		"LARM" : [1.230894, 0.925321, 1.831497, -1.824837, 2.684101, -1.158992, 0.437393]
	},

        "TRASHGAME_RIGHT": {
		"RARM" : [-0.844407, 0.200084, -0.682812, -0.611420, -2.472930, -1.627651, -1.339665],
		"LARM" : [1.230894, 0.925913, 1.831497, -1.824837, 2.684101, -1.158992, 0.437393]
	},

        "TRASHGAME_LEFT": {
		"RARM" : [0.454491, 0.233499, -0.654108, -0.758362, -2.433362, -1.773624, -1.401230],
		"LARM" : [1.230894, 0.925405, 1.831497, -1.824837, 2.684101, -1.158992, 0.437393]
	},
        "TRASHGAME_FRONT": {
		"RARM" : [0.56, 0.42, 0.6, -2.12, 1.58, -2.01, -1.18],
		"LARM" : [1.230894, 0.925405, 1.831497, -1.824837, 2.684101, -1.158992, 0.437393]
	},


        "TRANSITION": {
                "RARM" : [-2.135512, 0.560712, -2.038131, -1.635962, -0.963468, -0.152525, 2.703992],
                "LARM" : [2.131592, 0.534831, 2.400275, -1.598561, 0.266787, -0.090183, 0.167662]
        },
       
 
        "WATCH_LOOKING": {
                "RARM" : [-0.077604, 0.432382, -0.910836, -2.010194, -2.329122, -1.403145, 3.040761],
                "LARM" : [0.042345, 1.279520, 1.816744, -1.330880, -0.198593, -0.079088, -0.003110],
                "TORSO" : [0.1],
                "HEAD" : [0, 0.75]
        },

        "SCRATCH_HIGH": {
                "RARM" : [-0.077604, 0.432382, -0.910836, -2.010194, -2.329122, -1.403145, 3.040761],
                "LARM" : [0.042345, 1.279520, 1.816744, -1.330880, -0.198593, -0.079088, -0.003110],
                "TORSO" : [0.1]
                },

        "SCRATCH_LOW": {
                "RARM" : [-1.111035, 0.798931, -2.640103, -1.113340, -1.983196, -0.472402, -0.922093],
                "LARM" : [0.042345, 1.279520, 1.816744, -1.330880, -0.198593, -0.079088, -0.003110],
                "TORSO" : [0.1]
                },

        "RIDEAU_1": {
                "RARM" : [0.28, 0.31, -0.25, -0.68, 2.51, -0.5, 2.41]
                },

        "RIDEAU_2": {
                "RARM" : [-0.52, 0.09, -0.54, -0.32, -1.09, -0.34, 0.13]
                },
        "RIDEAU_3": {
                "LARM" : [-0.47, 0.21, 0.19, -0.2, -1.26, -0.29, -0.53]
                },
        "RIDEAU_4": {
                "LARM" : [0.6, 0.01, 0.37, -0.14, 1.3, -0.47, -0.12]
                },
        "EXTRACTION": {
                "RARM" : [-1.195423, 0.150217, -1.121447, -1.779762, -0.681757, -0.691486, -0.36]
                },
        "MANIP": {
                "RARM" : [0.033502, 0.577506, -0.362166, -2.119394, -1.787504, -1.175746, -0.098465],
                "LARM" : [0.468784, 1.256853, 1.927219, -1.785980, 0.000381, -0.076978, -0.027614]
                },
        "WAIT": {
                "RARM" : [-1.785221, 1.236839, -2.304224, -0.354639, -0.980074, -0.153414, 2.702763],
                "LARM" : [2.041439, 1.247124, 2.249051, -0.667771, 0.847898, -0.099516, 0.167718]
                },
        "WELCOME": {
                "RARM" : [-0.678169, -0.351854, -0.436731, -0.536037, -0.163852, -0.129440, 2.614571],
                "LARM" : [0.750418, -0.352312, 0.333132, -0.425136, 0.360421, -0.098036, 0.168414]
                },
        "FALL": {
                "RARM" : [0.016174, 0.613374, -0.616650, -0.621596, -0.125268, -0.081450, 2.718687]
                },
        "HAND_SWEEP1": {
                "RARM" : [0.447288, 0.547052, -1.192163, -0.885513, 0.102303, -0.083973, 2.732523]
                },
        "HAND_SWEEP2": {
                "RARM" : [-1.172292, 0.499002, -1.283245, -0.612621, -0.247961, -0.091283, 2.725388]
                },
        "FALL": {
                "RARM" : [0.107869, 0.690440, -0.266595, -0.592498, -0.912682, -0.176216, 0.976078]
                },
        "TUCK_LARM": {
                "LARM" : [0.468784, 1.256853, 1.927219, -1.785980, 0.000381, -0.076978, -0.027614]
                }
}

