{
	"REST": 
		{"RARM": [-0.48, 0.92, 0.06, -1.83, -2.61, -1.39, 3]
		}
	"GIVE": 
		{"RARM": [0.06, 0.61, 0.07, -1.53, -2.96, -0.77, 3]
		}
	"SHOW": 
		{"RARM": [-0.61556470338030789, -0.12842248155560812, -0.46909217760874733, -1.158091159880386, -0.7985174856023467, -1.4189918946679412, 0.2]
		}

}
