{
	"REST": 
		{"RARM": [-0.48, 0.92, 0.06, -1.83, -2.61, -1.39, 3]
		},
	"GIVE": 
		{"RARM": [0.06, 0.61, 0.07, -1.53, -2.96, -0.77, 3]
		},
	"SHOW": 
		{"RARM": [-0.61556470338030789, -0.12842248155560812, -0.46909217760874733, -1.158091159880386, -0.7985174856023467, -1.4189918946679412, 0.2]
		},

	"MANIP": {
		"RARM" : [-0.48157, 0.91579, 0.05525, -2.27493, -2.60623, -1.38896, 3.00473],
		"LARM" : [0.55276, 1.27965, 2.02007, -1.4, 0.0, 0.0, 0.0],
		"TORSO" : [0.1],
		"HEAD" : [0.0, 0.6]
		},

	"TUCKED": {
		"RARM" : [0.05842, 1.28695, -0.80267, -2.17115, 3.14000, -1.11226, 3.0],
		"LARM" : [0.05276, 1.27965, 2.02007, -1.4, 0.0, 0.0, 0.0],
		"TORSO" : [0.1],
		"HEAD" : [0.0, 0.6]
		}
}
